"pair_number","opponents","pre_rating"
1,39,1436
1,21,1563
1,18,1600
1,14,1610
1,7,1649
1,12,1663
1,4,1716
2,63,1175
2,58,917
2,4,1716
2,17,1629
2,16,1604
2,20,1595
2,7,1649
3,8,1641
3,61,955
3,25,1745
3,21,1563
3,11,1712
3,13,1666
3,12,1663
4,23,1363
4,28,1507
4,2,1553
4,26,1579
4,5,1655
4,19,1564
4,1,1794
5,45,1242
5,37,980
5,12,1663
5,13,1666
5,4,1716
5,14,1610
5,17,1629
6,34,1399
6,29,1602
6,11,1712
6,35,1438
6,10,1365
6,27,1552
6,21,1563
7,57,1092
7,46,377
7,13,1666
7,11,1712
7,1,1794
7,9,1411
7,2,1553
8,3,1384
8,32,1441
8,14,1610
8,9,1411
8,47,1362
8,28,1507
8,19,1564
9,25,1745
9,18,1600
9,59,853
9,8,1641
9,26,1579
9,7,1649
9,20,1595
10,16,1604
10,19,1564
10,55,1186
10,31,1494
10,6,1686
10,25,1745
10,18,1600
11,38,1423
11,56,1153
11,6,1686
11,7,1649
11,3,1384
11,34,1399
11,26,1579
12,42,1332
12,33,1449
12,5,1655
12,38,1423
12,1,1794
12,3,1384
13,36,1355
13,27,1552
13,7,1649
13,5,1655
13,33,1449
13,3,1384
13,32,1441
14,54,1270
14,44,1199
14,8,1641
14,1,1794
14,27,1552
14,5,1655
14,31,1494
15,19,1564
15,16,1604
15,30,1522
15,22,1555
15,54,1270
15,33,1449
15,38,1423
16,10,1365
16,15,1220
16,39,1436
16,2,1553
16,36,1355
17,48,1382
17,41,1403
17,26,1579
17,2,1553
17,23,1363
17,22,1555
17,5,1655
18,47,1362
18,9,1411
18,1,1794
18,32,1441
18,19,1564
18,38,1423
18,10,1365
19,15,1220
19,10,1365
19,52,935
19,28,1507
19,18,1600
19,4,1716
19,8,1641
20,40,1348
20,49,1291
20,23,1363
20,41,1403
20,28,1507
20,2,1553
20,9,1411
21,43,1283
21,1,1794
21,47,1362
21,3,1384
21,40,1348
21,39,1436
21,6,1686
22,64,1163
22,52,935
22,28,1507
22,15,1220
22,17,1629
22,40,1348
23,4,1716
23,43,1283
23,20,1595
23,58,917
23,17,1629
23,37,980
23,46,377
24,28,1507
24,47,1362
24,43,1283
24,25,1745
24,60,967
24,44,1199
24,39,1436
25,9,1411
25,53,1393
25,3,1384
25,24,1229
25,34,1399
25,10,1365
25,47,1362
26,49,1291
26,40,1348
26,17,1629
26,4,1716
26,9,1411
26,32,1441
26,11,1712
27,51,1011
27,13,1666
27,46,377
27,37,980
27,14,1610
27,6,1686
28,24,1229
28,4,1716
28,22,1555
28,19,1564
28,20,1595
28,8,1641
28,36,1355
29,50,1056
29,6,1686
29,38,1423
29,34,1399
29,52,935
29,48,1382
30,52,935
30,64,1163
30,15,1220
30,55,1186
30,31,1494
30,61,955
30,50,1056
31,58,917
31,55,1186
31,64,1163
31,10,1365
31,30,1522
31,50,1056
31,14,1610
32,61,955
32,8,1641
32,44,1199
32,18,1600
32,51,1011
32,26,1579
32,13,1666
33,60,967
33,12,1663
33,50,1056
33,36,1355
33,13,1666
33,15,1220
33,51,1011
34,6,1686
34,60,967
34,37,980
34,29,1602
34,25,1745
34,11,1712
34,52,935
35,46,377
35,38,1423
35,56,1153
35,6,1686
35,57,1092
35,52,935
35,48,1382
36,13,1666
36,57,1092
36,51,1011
36,33,1449
36,16,1604
36,28,1507
37,5,1655
37,34,1399
37,27,1552
37,23,1363
37,61,955
38,11,1712
38,35,1438
38,29,1602
38,12,1663
38,18,1600
38,15,1220
39,1,1794
39,54,1270
39,40,1348
39,16,1604
39,44,1199
39,21,1563
39,24,1229
40,20,1595
40,26,1579
40,39,1436
40,59,853
40,21,1563
40,56,1153
40,22,1555
41,59,853
41,17,1629
41,58,917
41,20,1595
42,12,1663
42,50,1056
42,57,1092
42,60,967
42,61,955
42,64,1163
42,56,1153
43,21,1563
43,23,1363
43,24,1229
43,63,1175
43,59,853
43,46,377
43,55,1186
44,14,1610
44,32,1441
44,53,1393
44,39,1436
44,24,1229
44,59,853
45,5,1655
45,51,1011
45,60,967
45,56,1153
45,63,1175
45,55,1186
45,58,917
46,35,1438
46,7,1649
46,27,1552
46,50,1056
46,64,1163
46,43,1283
46,23,1363
47,18,1600
47,24,1229
47,21,1563
47,61,955
47,8,1641
47,51,1011
47,25,1745
48,17,1629
48,63,1175
48,52,935
48,29,1602
48,35,1438
49,26,1579
49,20,1595
49,63,1175
49,64,1163
49,58,917
50,29,1602
50,42,1332
50,33,1449
50,46,377
50,31,1494
50,30,1522
51,27,1552
51,45,1242
51,36,1355
51,57,1092
51,32,1441
51,47,1362
51,33,1449
52,30,1522
52,22,1555
52,19,1564
52,48,1382
52,29,1602
52,35,1438
52,34,1399
53,25,1745
53,44,1199
53,57,1092
54,14,1610
54,39,1436
54,61,955
54,15,1220
54,59,853
54,64,1163
55,62,1530
55,31,1494
55,10,1365
55,30,1522
55,45,1242
55,43,1283
56,11,1712
56,35,1438
56,45,1242
56,40,1348
56,42,1332
57,7,1649
57,36,1355
57,42,1332
57,51,1011
57,35,1438
57,53,1393
58,31,1494
58,2,1553
58,41,1403
58,23,1363
58,49,1291
58,45,1242
59,41,1403
59,9,1411
59,40,1348
59,43,1283
59,54,1270
59,44,1199
60,33,1449
60,34,1399
60,45,1242
60,42,1332
60,24,1229
61,32,1441
61,3,1384
61,54,1270
61,47,1362
61,42,1332
61,30,1522
61,37,980
62,55,1186
63,2,1553
63,48,1382
63,49,1291
63,43,1283
63,45,1242
64,22,1555
64,30,1522
64,31,1494
64,49,1291
64,46,377
64,42,1332
64,54,1270
